,name,price,rating,total_reviews,duration,url
0,Rude Bastards tour of Berlin,4,4.93,275,3.5,https://www.airbnb.com/experiences/1667898?checkin=2023-01-30&checkout=2023-12-31&location=Berlin%2C%20Germany&currentTab=experience_tab&federatedSearchId=547258f5-5f72-484c-99c6-a4816bedabe7&searchId=e908a009-23fc-45eb-b2de-6fb29386159b&sectionId=da821b0a-cb3f-46ea-9bc1-6b50853ffa8e
1,No Diet Club - Paradise of street food in Berlin,48,5.0,4,3.0,https://www.airbnb.com/experiences/4696766?checkin=2023-01-30&checkout=2023-12-31&location=Berlin%2C%20Germany&currentTab=experience_tab&federatedSearchId=547258f5-5f72-484c-99c6-a4816bedabe7&searchId=e908a009-23fc-45eb-b2de-6fb29386159b&sectionId=da821b0a-cb3f-46ea-9bc1-6b50853ffa8e
2,Discover Berlin,22,4.94,685,3.5,https://www.airbnb.com/experiences/2551364?checkin=2023-01-30&checkout=2023-12-31&location=Berlin%2C%20Germany&currentTab=experience_tab&federatedSearchId=547258f5-5f72-484c-99c6-a4816bedabe7&searchId=e908a009-23fc-45eb-b2de-6fb29386159b&sectionId=da821b0a-cb3f-46ea-9bc1-6b50853ffa8e
3,Hitler’s camps – Sachsenhausen,65,5.0,15,5.0,https://www.airbnb.com/experiences/2706307?checkin=2023-01-30&checkout=2023-12-31&location=Berlin%2C%20Germany&currentTab=experience_tab&federatedSearchId=547258f5-5f72-484c-99c6-a4816bedabe7&searchId=e908a009-23fc-45eb-b2de-6fb29386159b&sectionId=da821b0a-cb3f-46ea-9bc1-6b50853ffa8e
4,"Nightclub Access 
All Berlin Clubs",218,4.96,110,1.0,https://www.airbnb.com/experiences/838239?checkin=2023-01-30&checkout=2023-12-31&location=Berlin%2C%20Germany&currentTab=experience_tab&federatedSearchId=547258f5-5f72-484c-99c6-a4816bedabe7&searchId=e908a009-23fc-45eb-b2de-6fb29386159b&sectionId=da821b0a-cb3f-46ea-9bc1-6b50853ffa8e
5,Vegan Food & Sustainability Tour -Discover the vegan capital,75,4.99,81,3.0,https://www.airbnb.com/experiences/1944220?checkin=2023-01-30&checkout=2023-12-31&location=Berlin%2C%20Germany&currentTab=experience_tab&federatedSearchId=547258f5-5f72-484c-99c6-a4816bedabe7&searchId=e908a009-23fc-45eb-b2de-6fb29386159b&sectionId=da821b0a-cb3f-46ea-9bc1-6b50853ffa8e
6,Guided bar tour,98,5.0,12,4.0,https://www.airbnb.com/experiences/4382100?checkin=2023-01-30&checkout=2023-12-31&location=Berlin%2C%20Germany&currentTab=experience_tab&federatedSearchId=547258f5-5f72-484c-99c6-a4816bedabe7&searchId=e908a009-23fc-45eb-b2de-6fb29386159b&sectionId=da821b0a-cb3f-46ea-9bc1-6b50853ffa8e
7,Explore Berlin with a portrait photographer,66,5.0,16,1.5,https://www.airbnb.com/experiences/4583123?checkin=2023-01-30&checkout=2023-12-31&location=Berlin%2C%20Germany&currentTab=experience_tab&federatedSearchId=547258f5-5f72-484c-99c6-a4816bedabe7&searchId=e908a009-23fc-45eb-b2de-6fb29386159b&sectionId=da821b0a-cb3f-46ea-9bc1-6b50853ffa8e
8,Hip Berlin Underground Tour,34,4.92,661,2.5,https://www.airbnb.com/experiences/834529?checkin=2023-01-30&checkout=2023-12-31&location=Berlin%2C%20Germany&currentTab=experience_tab&federatedSearchId=547258f5-5f72-484c-99c6-a4816bedabe7&searchId=e908a009-23fc-45eb-b2de-6fb29386159b&sectionId=da821b0a-cb3f-46ea-9bc1-6b50853ffa8e
9,DJing - Hands-on Workshop,39,4.93,15,1.0,https://www.airbnb.com/experiences/809227?checkin=2023-01-30&checkout=2023-12-31&location=Berlin%2C%20Germany&currentTab=experience_tab&federatedSearchId=547258f5-5f72-484c-99c6-a4816bedabe7&searchId=e908a009-23fc-45eb-b2de-6fb29386159b&sectionId=da821b0a-cb3f-46ea-9bc1-6b50853ffa8e
10,Kreuzberg Food Tour,82,4.94,200,3.0,https://www.airbnb.com/experiences/429827?checkin=2023-01-30&checkout=2023-12-31&location=Berlin%2C%20Germany&currentTab=experience_tab&federatedSearchId=547258f5-5f72-484c-99c6-a4816bedabe7&searchId=e908a009-23fc-45eb-b2de-6fb29386159b&sectionId=da821b0a-cb3f-46ea-9bc1-6b50853ffa8e
11,The Dark Heart of the Third Reich,44,4.94,172,2.0,https://www.airbnb.com/experiences/185255?checkin=2023-01-30&checkout=2023-12-31&location=Berlin%2C%20Germany&currentTab=experience_tab&federatedSearchId=547258f5-5f72-484c-99c6-a4816bedabe7&searchId=e908a009-23fc-45eb-b2de-6fb29386159b&sectionId=da821b0a-cb3f-46ea-9bc1-6b50853ffa8e
12,Hitler’s Berlin - the rise and fall,33,4.95,490,2.5,https://www.airbnb.com/experiences/746933?checkin=2023-01-30&checkout=2023-12-31&location=Berlin%2C%20Germany&currentTab=experience_tab&federatedSearchId=547258f5-5f72-484c-99c6-a4816bedabe7&searchId=e908a009-23fc-45eb-b2de-6fb29386159b&sectionId=da821b0a-cb3f-46ea-9bc1-6b50853ffa8e
13,English Comedy Berlin + Pizza + Shots,27,4.87,189,3.0,https://www.airbnb.com/experiences/510438?checkin=2023-01-30&checkout=2023-12-31&location=Berlin%2C%20Germany&currentTab=experience_tab&federatedSearchId=547258f5-5f72-484c-99c6-a4816bedabe7&searchId=e908a009-23fc-45eb-b2de-6fb29386159b&sectionId=da821b0a-cb3f-46ea-9bc1-6b50853ffa8e
14,East Berlin - a Brief Tour,17,4.98,52,2.5,https://www.airbnb.com/experiences/3828178?checkin=2023-01-30&checkout=2023-12-31&location=Berlin%2C%20Germany&currentTab=experience_tab&federatedSearchId=547258f5-5f72-484c-99c6-a4816bedabe7&searchId=e908a009-23fc-45eb-b2de-6fb29386159b&sectionId=da821b0a-cb3f-46ea-9bc1-6b50853ffa8e
15,English Comedy Show on a boat,11,4.9,290,2.0,https://www.airbnb.com/experiences/771451?checkin=2023-01-30&checkout=2023-12-31&location=Berlin%2C%20Germany&currentTab=experience_tab&federatedSearchId=547258f5-5f72-484c-99c6-a4816bedabe7&searchId=e908a009-23fc-45eb-b2de-6fb29386159b&sectionId=da821b0a-cb3f-46ea-9bc1-6b50853ffa8e
16,Techno Painting with a Berlin Artist,82,4.97,278,3.0,https://www.airbnb.com/experiences/290074?checkin=2023-01-30&checkout=2023-12-31&location=Berlin%2C%20Germany&currentTab=experience_tab&federatedSearchId=547258f5-5f72-484c-99c6-a4816bedabe7&searchId=e908a009-23fc-45eb-b2de-6fb29386159b&sectionId=da821b0a-cb3f-46ea-9bc1-6b50853ffa8e
17,Club like a local in Berlin,90,4.94,67,6.0,https://www.airbnb.com/experiences/3303407?checkin=2023-01-30&checkout=2023-12-31&location=Berlin%2C%20Germany&currentTab=experience_tab&federatedSearchId=547258f5-5f72-484c-99c6-a4816bedabe7&searchId=e908a009-23fc-45eb-b2de-6fb29386159b&sectionId=da821b0a-cb3f-46ea-9bc1-6b50853ffa8e
18,Holocaust & Nazi Resistance Tour,33,4.94,48,2.5,https://www.airbnb.com/experiences/2706761?checkin=2023-01-30&checkout=2023-12-31&location=Berlin%2C%20Germany&currentTab=experience_tab&federatedSearchId=547258f5-5f72-484c-99c6-a4816bedabe7&searchId=e908a009-23fc-45eb-b2de-6fb29386159b&sectionId=da821b0a-cb3f-46ea-9bc1-6b50853ffa8e
19,Street Art & Graffiti Tour,32,4.88,91,2.0,https://www.airbnb.com/experiences/420832?checkin=2023-01-30&checkout=2023-12-31&location=Berlin%2C%20Germany&currentTab=experience_tab&federatedSearchId=547258f5-5f72-484c-99c6-a4816bedabe7&searchId=e908a009-23fc-45eb-b2de-6fb29386159b&sectionId=da821b0a-cb3f-46ea-9bc1-6b50853ffa8e
20,Discover how to produce House Music & Techno in Berlin,55,5.0,21,2.0,https://www.airbnb.com/experiences/4294424?checkin=2023-01-30&checkout=2023-12-31&location=Berlin%2C%20Germany&currentTab=experience_tab&federatedSearchId=547258f5-5f72-484c-99c6-a4816bedabe7&searchId=e908a009-23fc-45eb-b2de-6fb29386159b&sectionId=da821b0a-cb3f-46ea-9bc1-6b50853ffa8e
21,Discover Electronic Music Production,71,4.96,55,2.0,https://www.airbnb.com/experiences/1457126?checkin=2023-01-30&checkout=2023-12-31&location=Berlin%2C%20Germany&currentTab=experience_tab&federatedSearchId=547258f5-5f72-484c-99c6-a4816bedabe7&searchId=e908a009-23fc-45eb-b2de-6fb29386159b&sectionId=da821b0a-cb3f-46ea-9bc1-6b50853ffa8e
22,Hands on DJ-Masterclass,82,0.0,0,2.0,https://www.airbnb.com/experiences/4835444?checkin=2023-01-30&checkout=2023-12-31&location=Berlin%2C%20Germany&currentTab=experience_tab&federatedSearchId=547258f5-5f72-484c-99c6-a4816bedabe7&searchId=e908a009-23fc-45eb-b2de-6fb29386159b&sectionId=da821b0a-cb3f-46ea-9bc1-6b50853ffa8e
23,BERLIN FASHION TOUR shop@ hidden spots,49,4.8,41,2.5,https://www.airbnb.com/experiences/131888?checkin=2023-01-30&checkout=2023-12-31&location=Berlin%2C%20Germany&currentTab=experience_tab&federatedSearchId=547258f5-5f72-484c-99c6-a4816bedabe7&searchId=e908a009-23fc-45eb-b2de-6fb29386159b&sectionId=da821b0a-cb3f-46ea-9bc1-6b50853ffa8e
24,Jewish places and stories,41,4.99,127,3.0,https://www.airbnb.com/experiences/618079?checkin=2023-01-30&checkout=2023-12-31&location=Berlin%2C%20Germany&currentTab=experience_tab&federatedSearchId=547258f5-5f72-484c-99c6-a4816bedabe7&searchId=e908a009-23fc-45eb-b2de-6fb29386159b&sectionId=da821b0a-cb3f-46ea-9bc1-6b50853ffa8e
25,English Comedy Show,7,4.81,97,2.0,https://www.airbnb.com/experiences/1002772?checkin=2023-01-30&checkout=2023-12-31&location=Berlin%2C%20Germany&currentTab=experience_tab&federatedSearchId=547258f5-5f72-484c-99c6-a4816bedabe7&searchId=e908a009-23fc-45eb-b2de-6fb29386159b&sectionId=da821b0a-cb3f-46ea-9bc1-6b50853ffa8e
26,Berlin with a Private Photographer,71,5.0,7,1.5,https://www.airbnb.com/experiences/3459582?checkin=2023-01-30&checkout=2023-12-31&location=Berlin%2C%20Germany&currentTab=experience_tab&federatedSearchId=547258f5-5f72-484c-99c6-a4816bedabe7&searchId=e908a009-23fc-45eb-b2de-6fb29386159b&sectionId=da821b0a-cb3f-46ea-9bc1-6b50853ffa8e
27,Discover Berlin's Highlights on a bike,39,4.85,610,3.5,https://www.airbnb.com/experiences/180160?checkin=2023-01-30&checkout=2023-12-31&location=Berlin%2C%20Germany&currentTab=experience_tab&federatedSearchId=547258f5-5f72-484c-99c6-a4816bedabe7&searchId=e908a009-23fc-45eb-b2de-6fb29386159b&sectionId=da821b0a-cb3f-46ea-9bc1-6b50853ffa8e
28,History and alternative tracks,54,4.91,431,3.0,https://www.airbnb.com/experiences/308436?checkin=2023-01-30&checkout=2023-12-31&location=Berlin%2C%20Germany&currentTab=experience_tab&federatedSearchId=547258f5-5f72-484c-99c6-a4816bedabe7&searchId=e908a009-23fc-45eb-b2de-6fb29386159b&sectionId=da821b0a-cb3f-46ea-9bc1-6b50853ffa8e
29,Memorable private photoshoot in the heart of Berlin,66,5.0,17,1.0,https://www.airbnb.com/experiences/4198462?checkin=2023-01-30&checkout=2023-12-31&location=Berlin%2C%20Germany&currentTab=experience_tab&federatedSearchId=547258f5-5f72-484c-99c6-a4816bedabe7&searchId=e908a009-23fc-45eb-b2de-6fb29386159b&sectionId=da821b0a-cb3f-46ea-9bc1-6b50853ffa8e
30,Absinthe & Absinthe Cocktail Tasting,39,4.81,278,1.0,https://www.airbnb.com/experiences/150986?checkin=2023-01-30&checkout=2023-12-31&location=Berlin%2C%20Germany&currentTab=experience_tab&federatedSearchId=547258f5-5f72-484c-99c6-a4816bedabe7&searchId=e908a009-23fc-45eb-b2de-6fb29386159b&sectionId=da821b0a-cb3f-46ea-9bc1-6b50853ffa8e
31,Späti Crawl Berlin,20,4.75,188,3.0,https://www.airbnb.com/experiences/480372?checkin=2023-01-30&checkout=2023-12-31&location=Berlin%2C%20Germany&currentTab=experience_tab&federatedSearchId=547258f5-5f72-484c-99c6-a4816bedabe7&searchId=e908a009-23fc-45eb-b2de-6fb29386159b&sectionId=da821b0a-cb3f-46ea-9bc1-6b50853ffa8e
32,The Alternative Berlin Bike Tour,32,4.91,68,4.5,https://www.airbnb.com/experiences/1116589?checkin=2023-01-30&checkout=2023-12-31&location=Berlin%2C%20Germany&currentTab=experience_tab&federatedSearchId=547258f5-5f72-484c-99c6-a4816bedabe7&searchId=e908a009-23fc-45eb-b2de-6fb29386159b&sectionId=da821b0a-cb3f-46ea-9bc1-6b50853ffa8e
33,Berlin Raves and Underground Access,108,5.0,8,3.0,https://www.airbnb.com/experiences/1284115?checkin=2023-01-30&checkout=2023-12-31&location=Berlin%2C%20Germany&currentTab=experience_tab&federatedSearchId=547258f5-5f72-484c-99c6-a4816bedabe7&searchId=e908a009-23fc-45eb-b2de-6fb29386159b&sectionId=da821b0a-cb3f-46ea-9bc1-6b50853ffa8e
34,Xberg's hidden Roastery's top notch Bakery's tour,21,4.85,33,2.0,https://www.airbnb.com/experiences/1250080?checkin=2023-01-30&checkout=2023-12-31&location=Berlin%2C%20Germany&currentTab=experience_tab&federatedSearchId=547258f5-5f72-484c-99c6-a4816bedabe7&searchId=e908a009-23fc-45eb-b2de-6fb29386159b&sectionId=da821b0a-cb3f-46ea-9bc1-6b50853ffa8e
35,A fun photo shoot in Berlin Mitte,55,4.5,8,1.0,https://www.airbnb.com/experiences/3435404?checkin=2023-01-30&checkout=2023-12-31&location=Berlin%2C%20Germany&currentTab=experience_tab&federatedSearchId=547258f5-5f72-484c-99c6-a4816bedabe7&searchId=e908a009-23fc-45eb-b2de-6fb29386159b&sectionId=da821b0a-cb3f-46ea-9bc1-6b50853ffa8e
36,Our environmental kitchen conversations as well as exponential growth,6,0.0,0,2.0,https://www.airbnb.com/experiences/3839740?checkin=2023-01-30&checkout=2023-12-31&location=Berlin%2C%20Germany&currentTab=experience_tab&federatedSearchId=547258f5-5f72-484c-99c6-a4816bedabe7&searchId=e908a009-23fc-45eb-b2de-6fb29386159b&sectionId=da821b0a-cb3f-46ea-9bc1-6b50853ffa8e
37,Guided Segway Tour in Berlin,65,5.0,5,2.0,https://www.airbnb.com/experiences/4017753?checkin=2023-01-30&checkout=2023-12-31&location=Berlin%2C%20Germany&currentTab=experience_tab&federatedSearchId=547258f5-5f72-484c-99c6-a4816bedabe7&searchId=e908a009-23fc-45eb-b2de-6fb29386159b&sectionId=da821b0a-cb3f-46ea-9bc1-6b50853ffa8e
38,East Berlin - a deeper dive,28,5.0,118,4.5,https://www.airbnb.com/experiences/2111863?checkin=2023-01-30&checkout=2023-12-31&location=Berlin%2C%20Germany&currentTab=experience_tab&federatedSearchId=547258f5-5f72-484c-99c6-a4816bedabe7&searchId=e908a009-23fc-45eb-b2de-6fb29386159b&sectionId=da821b0a-cb3f-46ea-9bc1-6b50853ffa8e
39,Jesmonite casting workshop,33,5.0,4,1.0,https://www.airbnb.com/experiences/4478888?checkin=2023-01-30&checkout=2023-12-31&location=Berlin%2C%20Germany&currentTab=experience_tab&federatedSearchId=547258f5-5f72-484c-99c6-a4816bedabe7&searchId=e908a009-23fc-45eb-b2de-6fb29386159b&sectionId=da821b0a-cb3f-46ea-9bc1-6b50853ffa8e
40,Relax and Learn German while doing Yoga,17,0.0,0,2.0,https://www.airbnb.com/experiences/1253932?checkin=2023-01-30&checkout=2023-12-31&location=Berlin%2C%20Germany&currentTab=experience_tab&federatedSearchId=547258f5-5f72-484c-99c6-a4816bedabe7&searchId=e908a009-23fc-45eb-b2de-6fb29386159b&sectionId=da821b0a-cb3f-46ea-9bc1-6b50853ffa8e
41,Yoga Vinyasa Flow,10,0.0,0,1.0,https://www.airbnb.com/experiences/1610371?checkin=2023-01-30&checkout=2023-12-31&location=Berlin%2C%20Germany&currentTab=experience_tab&federatedSearchId=547258f5-5f72-484c-99c6-a4816bedabe7&searchId=e908a009-23fc-45eb-b2de-6fb29386159b&sectionId=da821b0a-cb3f-46ea-9bc1-6b50853ffa8e
42,Dogs Go Green - Walk with the Big Pack,66,4.99,165,1.5,https://www.airbnb.com/experiences/342814?checkin=2023-01-30&checkout=2023-12-31&location=Berlin%2C%20Germany&currentTab=experience_tab&federatedSearchId=547258f5-5f72-484c-99c6-a4816bedabe7&searchId=e908a009-23fc-45eb-b2de-6fb29386159b&sectionId=da821b0a-cb3f-46ea-9bc1-6b50853ffa8e
43,A real Berlin photo shoot at beautiful metro stations,97,5.0,3,1.5,https://www.airbnb.com/experiences/3819068?checkin=2023-01-30&checkout=2023-12-31&location=Berlin%2C%20Germany&currentTab=experience_tab&federatedSearchId=547258f5-5f72-484c-99c6-a4816bedabe7&searchId=e908a009-23fc-45eb-b2de-6fb29386159b&sectionId=da821b0a-cb3f-46ea-9bc1-6b50853ffa8e
44,Streetstyle & fun photoshoot in Berlin,66,0.0,0,1.5,https://www.airbnb.com/experiences/4705648?checkin=2023-01-30&checkout=2023-12-31&location=Berlin%2C%20Germany&currentTab=experience_tab&federatedSearchId=547258f5-5f72-484c-99c6-a4816bedabe7&searchId=e908a009-23fc-45eb-b2de-6fb29386159b&sectionId=da821b0a-cb3f-46ea-9bc1-6b50853ffa8e
45,World War II and the Third Reich,22,5.0,4,4.0,https://www.airbnb.com/experiences/2923351?checkin=2023-01-30&checkout=2023-12-31&location=Berlin%2C%20Germany&currentTab=experience_tab&federatedSearchId=547258f5-5f72-484c-99c6-a4816bedabe7&searchId=e908a009-23fc-45eb-b2de-6fb29386159b&sectionId=da821b0a-cb3f-46ea-9bc1-6b50853ffa8e
46,Smartphone Photography Walk,40,5.0,5,2.0,https://www.airbnb.com/experiences/3095818?checkin=2023-01-30&checkout=2023-12-31&location=Berlin%2C%20Germany&currentTab=experience_tab&federatedSearchId=547258f5-5f72-484c-99c6-a4816bedabe7&searchId=e908a009-23fc-45eb-b2de-6fb29386159b&sectionId=da821b0a-cb3f-46ea-9bc1-6b50853ffa8e
47,Breakthrough with Personal Coaching,86,4.94,50,2.0,https://www.airbnb.com/experiences/875473?checkin=2023-01-30&checkout=2023-12-31&location=Berlin%2C%20Germany&currentTab=experience_tab&federatedSearchId=547258f5-5f72-484c-99c6-a4816bedabe7&searchId=e908a009-23fc-45eb-b2de-6fb29386159b&sectionId=da821b0a-cb3f-46ea-9bc1-6b50853ffa8e
48,Sachsenhausen Concentration Camp,32,4.88,8,6.0,https://www.airbnb.com/experiences/2608357?checkin=2023-01-30&checkout=2023-12-31&location=Berlin%2C%20Germany&currentTab=experience_tab&federatedSearchId=547258f5-5f72-484c-99c6-a4816bedabe7&searchId=e908a009-23fc-45eb-b2de-6fb29386159b&sectionId=da821b0a-cb3f-46ea-9bc1-6b50853ffa8e
49,Canoe Kreuzberg,43,4.86,444,3.0,https://www.airbnb.com/experiences/45303?checkin=2023-01-30&checkout=2023-12-31&location=Berlin%2C%20Germany&currentTab=experience_tab&federatedSearchId=547258f5-5f72-484c-99c6-a4816bedabe7&searchId=e908a009-23fc-45eb-b2de-6fb29386159b&sectionId=da821b0a-cb3f-46ea-9bc1-6b50853ffa8e
50,Discover Africa in Berlin,34,4.94,35,3.5,https://www.airbnb.com/experiences/951561?checkin=2023-01-30&checkout=2023-12-31&location=Berlin%2C%20Germany&currentTab=experience_tab&federatedSearchId=547258f5-5f72-484c-99c6-a4816bedabe7&searchId=e908a009-23fc-45eb-b2de-6fb29386159b&sectionId=da821b0a-cb3f-46ea-9bc1-6b50853ffa8e
51,Intro to German Wine & Cheese Tasting and Mini Course,48,5.0,6,1.5,https://www.airbnb.com/experiences/3116711?checkin=2023-01-30&checkout=2023-12-31&location=Berlin%2C%20Germany&currentTab=experience_tab&federatedSearchId=547258f5-5f72-484c-99c6-a4816bedabe7&searchId=e908a009-23fc-45eb-b2de-6fb29386159b&sectionId=da821b0a-cb3f-46ea-9bc1-6b50853ffa8e
52,Big Tour of Royal and Imperial Berlin,44,4.91,117,2.0,https://www.airbnb.com/experiences/102202?checkin=2023-01-30&checkout=2023-12-31&location=Berlin%2C%20Germany&currentTab=experience_tab&federatedSearchId=547258f5-5f72-484c-99c6-a4816bedabe7&searchId=e908a009-23fc-45eb-b2de-6fb29386159b&sectionId=da821b0a-cb3f-46ea-9bc1-6b50853ffa8e
53,A gentle sightseeing-run along (remains of) the Berlin Wall,22,0.0,0,1.0,https://www.airbnb.com/experiences/3269604?checkin=2023-01-30&checkout=2023-12-31&location=Berlin%2C%20Germany&currentTab=experience_tab&federatedSearchId=547258f5-5f72-484c-99c6-a4816bedabe7&searchId=e908a009-23fc-45eb-b2de-6fb29386159b&sectionId=da821b0a-cb3f-46ea-9bc1-6b50853ffa8e
54,Create terrazzo object in Design Studio,93,0.0,0,3.5,https://www.airbnb.com/experiences/1280709?checkin=2023-01-30&checkout=2023-12-31&location=Berlin%2C%20Germany&currentTab=experience_tab&federatedSearchId=547258f5-5f72-484c-99c6-a4816bedabe7&searchId=e908a009-23fc-45eb-b2de-6fb29386159b&sectionId=da821b0a-cb3f-46ea-9bc1-6b50853ffa8e
55,Intuitive art workshop with Henok,62,4.95,66,2.5,https://www.airbnb.com/experiences/554246?checkin=2023-01-30&checkout=2023-12-31&location=Berlin%2C%20Germany&currentTab=experience_tab&federatedSearchId=547258f5-5f72-484c-99c6-a4816bedabe7&searchId=e908a009-23fc-45eb-b2de-6fb29386159b&sectionId=da821b0a-cb3f-46ea-9bc1-6b50853ffa8e
56,Berlin Street Art,22,4.79,38,3.0,https://www.airbnb.com/experiences/2551439?checkin=2023-01-30&checkout=2023-12-31&location=Berlin%2C%20Germany&currentTab=experience_tab&federatedSearchId=547258f5-5f72-484c-99c6-a4816bedabe7&searchId=e908a009-23fc-45eb-b2de-6fb29386159b&sectionId=da821b0a-cb3f-46ea-9bc1-6b50853ffa8e
57,Tour the World of Craft Spirits,39,4.96,76,1.0,https://www.airbnb.com/experiences/395639?checkin=2023-01-30&checkout=2023-12-31&location=Berlin%2C%20Germany&currentTab=experience_tab&federatedSearchId=547258f5-5f72-484c-99c6-a4816bedabe7&searchId=e908a009-23fc-45eb-b2de-6fb29386159b&sectionId=da821b0a-cb3f-46ea-9bc1-6b50853ffa8e
58,A Photographic Journey Through Berlin's Hidden Gems,18,5.0,10,2.0,https://www.airbnb.com/experiences/4327742?checkin=2023-01-30&checkout=2023-12-31&location=Berlin%2C%20Germany&currentTab=experience_tab&federatedSearchId=547258f5-5f72-484c-99c6-a4816bedabe7&searchId=e908a009-23fc-45eb-b2de-6fb29386159b&sectionId=da821b0a-cb3f-46ea-9bc1-6b50853ffa8e
59,Chakra balancing Yoga,33,0.0,0,1.5,https://www.airbnb.com/experiences/4604529?checkin=2023-01-30&checkout=2023-12-31&location=Berlin%2C%20Germany&currentTab=experience_tab&federatedSearchId=547258f5-5f72-484c-99c6-a4816bedabe7&searchId=e908a009-23fc-45eb-b2de-6fb29386159b&sectionId=da821b0a-cb3f-46ea-9bc1-6b50853ffa8e
60,Bouldering in Most Alternative Berlin Spot,28,0.0,0,2.0,https://www.airbnb.com/experiences/4740327?checkin=2023-01-30&checkout=2023-12-31&location=Berlin%2C%20Germany&currentTab=experience_tab&federatedSearchId=547258f5-5f72-484c-99c6-a4816bedabe7&searchId=e908a009-23fc-45eb-b2de-6fb29386159b&sectionId=da821b0a-cb3f-46ea-9bc1-6b50853ffa8e
61,Independent bookshops that sell more than books,11,0.0,0,3.0,https://www.airbnb.com/experiences/4818574?checkin=2023-01-30&checkout=2023-12-31&location=Berlin%2C%20Germany&currentTab=experience_tab&federatedSearchId=547258f5-5f72-484c-99c6-a4816bedabe7&searchId=e908a009-23fc-45eb-b2de-6fb29386159b&sectionId=da821b0a-cb3f-46ea-9bc1-6b50853ffa8e
62,The East-West-Tour > Berlin compact & complete by bike,22,4.85,13,2.5,https://www.airbnb.com/experiences/4090847?checkin=2023-01-30&checkout=2023-12-31&location=Berlin%2C%20Germany&currentTab=experience_tab&federatedSearchId=547258f5-5f72-484c-99c6-a4816bedabe7&searchId=e908a009-23fc-45eb-b2de-6fb29386159b&sectionId=da821b0a-cb3f-46ea-9bc1-6b50853ffa8e
63,Sightseeing Tour - Italian - Freetour,3,5.0,8,2.5,https://www.airbnb.com/experiences/3292604?checkin=2023-01-30&checkout=2023-12-31&location=Berlin%2C%20Germany&currentTab=experience_tab&federatedSearchId=547258f5-5f72-484c-99c6-a4816bedabe7&searchId=e908a009-23fc-45eb-b2de-6fb29386159b&sectionId=da821b0a-cb3f-46ea-9bc1-6b50853ffa8e
64,WWII Battlefield tour - Seelow Heights,113,5.0,5,7.5,https://www.airbnb.com/experiences/1457119?checkin=2023-01-30&checkout=2023-12-31&location=Berlin%2C%20Germany&currentTab=experience_tab&federatedSearchId=547258f5-5f72-484c-99c6-a4816bedabe7&searchId=e908a009-23fc-45eb-b2de-6fb29386159b&sectionId=da821b0a-cb3f-46ea-9bc1-6b50853ffa8e
65,Discover healing power stations around the big city of Berlin,87,0.0,0,8.0,https://www.airbnb.com/experiences/4584655?checkin=2023-01-30&checkout=2023-12-31&location=Berlin%2C%20Germany&currentTab=experience_tab&federatedSearchId=547258f5-5f72-484c-99c6-a4816bedabe7&searchId=e908a009-23fc-45eb-b2de-6fb29386159b&sectionId=da821b0a-cb3f-46ea-9bc1-6b50853ffa8e
66,Berlin backyards and Jewish Berlin,14,5.0,12,1.5,https://www.airbnb.com/experiences/1459412?checkin=2023-01-30&checkout=2023-12-31&location=Berlin%2C%20Germany&currentTab=experience_tab&federatedSearchId=547258f5-5f72-484c-99c6-a4816bedabe7&searchId=e908a009-23fc-45eb-b2de-6fb29386159b&sectionId=da821b0a-cb3f-46ea-9bc1-6b50853ffa8e
67,Explore the way of life,55,0.0,0,4.0,https://www.airbnb.com/experiences/4586633?checkin=2023-01-30&checkout=2023-12-31&location=Berlin%2C%20Germany&currentTab=experience_tab&federatedSearchId=547258f5-5f72-484c-99c6-a4816bedabe7&searchId=e908a009-23fc-45eb-b2de-6fb29386159b&sectionId=da821b0a-cb3f-46ea-9bc1-6b50853ffa8e
68,Hip Berlin Street Food & Art Experience,72,4.95,38,3.0,https://www.airbnb.com/experiences/1488973?checkin=2023-01-30&checkout=2023-12-31&location=Berlin%2C%20Germany&currentTab=experience_tab&federatedSearchId=547258f5-5f72-484c-99c6-a4816bedabe7&searchId=e908a009-23fc-45eb-b2de-6fb29386159b&sectionId=da821b0a-cb3f-46ea-9bc1-6b50853ffa8e
69,Secret Food Tours Berlin,93,4.67,9,3.0,https://www.airbnb.com/experiences/4446447?checkin=2023-01-30&checkout=2023-12-31&location=Berlin%2C%20Germany&currentTab=experience_tab&federatedSearchId=547258f5-5f72-484c-99c6-a4816bedabe7&searchId=e908a009-23fc-45eb-b2de-6fb29386159b&sectionId=da821b0a-cb3f-46ea-9bc1-6b50853ffa8e
70,"Siciliamo, True Sicilian Cooking Workshops",98,0.0,0,3.0,https://www.airbnb.com/experiences/4531987?checkin=2023-01-30&checkout=2023-12-31&location=Berlin%2C%20Germany&currentTab=experience_tab&federatedSearchId=547258f5-5f72-484c-99c6-a4816bedabe7&searchId=e908a009-23fc-45eb-b2de-6fb29386159b&sectionId=da821b0a-cb3f-46ea-9bc1-6b50853ffa8e
71,Immersive musical experience in Berlin like disc jockey,48,4.91,32,1.5,https://www.airbnb.com/experiences/3303551?checkin=2023-01-30&checkout=2023-12-31&location=Berlin%2C%20Germany&currentTab=experience_tab&federatedSearchId=547258f5-5f72-484c-99c6-a4816bedabe7&searchId=e908a009-23fc-45eb-b2de-6fb29386159b&sectionId=da821b0a-cb3f-46ea-9bc1-6b50853ffa8e
72,Laugh outings in Spanish with this standup show,17,0.0,0,3.0,https://www.airbnb.com/experiences/4289795?checkin=2023-01-30&checkout=2023-12-31&location=Berlin%2C%20Germany&currentTab=experience_tab&federatedSearchId=547258f5-5f72-484c-99c6-a4816bedabe7&searchId=e908a009-23fc-45eb-b2de-6fb29386159b&sectionId=da821b0a-cb3f-46ea-9bc1-6b50853ffa8e
73,Vintage Shopping Tour in Berlin with a Personal Shopper,93,5.0,5,3.0,https://www.airbnb.com/experiences/865281?checkin=2023-01-30&checkout=2023-12-31&location=Berlin%2C%20Germany&currentTab=experience_tab&federatedSearchId=547258f5-5f72-484c-99c6-a4816bedabe7&searchId=e908a009-23fc-45eb-b2de-6fb29386159b&sectionId=da821b0a-cb3f-46ea-9bc1-6b50853ffa8e
74,The Astronut Club,28,4.2,5,16.0,https://www.airbnb.com/experiences/460086?checkin=2023-01-30&checkout=2023-12-31&location=Berlin%2C%20Germany&currentTab=experience_tab&federatedSearchId=547258f5-5f72-484c-99c6-a4816bedabe7&searchId=e908a009-23fc-45eb-b2de-6fb29386159b&sectionId=da821b0a-cb3f-46ea-9bc1-6b50853ffa8e
75,Berlin by bike,22,0.0,0,1.0,https://www.airbnb.com/experiences/701126?checkin=2023-01-30&checkout=2023-12-31&location=Berlin%2C%20Germany&currentTab=experience_tab&federatedSearchId=547258f5-5f72-484c-99c6-a4816bedabe7&searchId=e908a009-23fc-45eb-b2de-6fb29386159b&sectionId=da821b0a-cb3f-46ea-9bc1-6b50853ffa8e
76,CityVoice Musical Tour in Berlin,28,5.0,3,3.0,https://www.airbnb.com/experiences/2639419?checkin=2023-01-30&checkout=2023-12-31&location=Berlin%2C%20Germany&currentTab=experience_tab&federatedSearchId=547258f5-5f72-484c-99c6-a4816bedabe7&searchId=e908a009-23fc-45eb-b2de-6fb29386159b&sectionId=da821b0a-cb3f-46ea-9bc1-6b50853ffa8e
77,Personal look therapy with a fashion stylist,81,4.79,19,2.5,https://www.airbnb.com/experiences/502305?checkin=2023-01-30&checkout=2023-12-31&location=Berlin%2C%20Germany&currentTab=experience_tab&federatedSearchId=547258f5-5f72-484c-99c6-a4816bedabe7&searchId=e908a009-23fc-45eb-b2de-6fb29386159b&sectionId=da821b0a-cb3f-46ea-9bc1-6b50853ffa8e
78,City of Subcultures,46,4.89,252,3.0,https://www.airbnb.com/experiences/56590?checkin=2023-01-30&checkout=2023-12-31&location=Berlin%2C%20Germany&currentTab=experience_tab&federatedSearchId=547258f5-5f72-484c-99c6-a4816bedabe7&searchId=e908a009-23fc-45eb-b2de-6fb29386159b&sectionId=da821b0a-cb3f-46ea-9bc1-6b50853ffa8e
79,Phone Photography Workshop and Tour,86,5.0,46,1.5,https://www.airbnb.com/experiences/1295211?checkin=2023-01-30&checkout=2023-12-31&location=Berlin%2C%20Germany&currentTab=experience_tab&federatedSearchId=547258f5-5f72-484c-99c6-a4816bedabe7&searchId=e908a009-23fc-45eb-b2de-6fb29386159b&sectionId=da821b0a-cb3f-46ea-9bc1-6b50853ffa8e
80,Responsible and Ethical Shopping,44,0.0,0,4.0,https://www.airbnb.com/experiences/1585896?checkin=2023-01-30&checkout=2023-12-31&location=Berlin%2C%20Germany&currentTab=experience_tab&federatedSearchId=547258f5-5f72-484c-99c6-a4816bedabe7&searchId=e908a009-23fc-45eb-b2de-6fb29386159b&sectionId=da821b0a-cb3f-46ea-9bc1-6b50853ffa8e
81,Berlin and car culture,55,4.91,22,4.0,https://www.airbnb.com/experiences/1018226?checkin=2023-01-30&checkout=2023-12-31&location=Berlin%2C%20Germany&currentTab=experience_tab&federatedSearchId=547258f5-5f72-484c-99c6-a4816bedabe7&searchId=e908a009-23fc-45eb-b2de-6fb29386159b&sectionId=da821b0a-cb3f-46ea-9bc1-6b50853ffa8e
82,Berlin Pub Crawl with Jürgen,28,0.0,0,5.0,https://www.airbnb.com/experiences/4815051?checkin=2023-01-30&checkout=2023-12-31&location=Berlin%2C%20Germany&currentTab=experience_tab&federatedSearchId=547258f5-5f72-484c-99c6-a4816bedabe7&searchId=e908a009-23fc-45eb-b2de-6fb29386159b&sectionId=da821b0a-cb3f-46ea-9bc1-6b50853ffa8e
83,Rug making / Tufting Workshop / One day Beginner class,153,0.0,0,4.0,https://www.airbnb.com/experiences/4761288?checkin=2023-01-30&checkout=2023-12-31&location=Berlin%2C%20Germany&currentTab=experience_tab&federatedSearchId=547258f5-5f72-484c-99c6-a4816bedabe7&searchId=e908a009-23fc-45eb-b2de-6fb29386159b&sectionId=da821b0a-cb3f-46ea-9bc1-6b50853ffa8e
84,Off beaten path - Neukolln tour,60,4.75,4,3.0,https://www.airbnb.com/experiences/446133?checkin=2023-01-30&checkout=2023-12-31&location=Berlin%2C%20Germany&currentTab=experience_tab&federatedSearchId=547258f5-5f72-484c-99c6-a4816bedabe7&searchId=e908a009-23fc-45eb-b2de-6fb29386159b&sectionId=da821b0a-cb3f-46ea-9bc1-6b50853ffa8e
85,Photoshoot in the spirit of free Berlin,109,0.0,0,2.0,https://www.airbnb.com/experiences/4697546?checkin=2023-01-30&checkout=2023-12-31&location=Berlin%2C%20Germany&currentTab=experience_tab&federatedSearchId=547258f5-5f72-484c-99c6-a4816bedabe7&searchId=e908a009-23fc-45eb-b2de-6fb29386159b&sectionId=da821b0a-cb3f-46ea-9bc1-6b50853ffa8e
86,Instagram tour around Berlin,44,4.86,7,1.5,https://www.airbnb.com/experiences/1670489?checkin=2023-01-30&checkout=2023-12-31&location=Berlin%2C%20Germany&currentTab=experience_tab&federatedSearchId=547258f5-5f72-484c-99c6-a4816bedabe7&searchId=e908a009-23fc-45eb-b2de-6fb29386159b&sectionId=da821b0a-cb3f-46ea-9bc1-6b50853ffa8e
87,Culinary the Food Tour of Kreuzberg,48,0.0,0,3.0,https://www.airbnb.com/experiences/4812341?checkin=2023-01-30&checkout=2023-12-31&location=Berlin%2C%20Germany&currentTab=experience_tab&federatedSearchId=547258f5-5f72-484c-99c6-a4816bedabe7&searchId=e908a009-23fc-45eb-b2de-6fb29386159b&sectionId=da821b0a-cb3f-46ea-9bc1-6b50853ffa8e
88,Get into the playful World of Argentine Tango,2,0.0,0,3.0,https://www.airbnb.com/experiences/4663163?checkin=2023-01-30&checkout=2023-12-31&location=Berlin%2C%20Germany&currentTab=experience_tab&federatedSearchId=547258f5-5f72-484c-99c6-a4816bedabe7&searchId=e908a009-23fc-45eb-b2de-6fb29386159b&sectionId=da821b0a-cb3f-46ea-9bc1-6b50853ffa8e
89,Tour the World of Gin -- and Tonic,54,5.0,4,1.0,https://www.airbnb.com/experiences/4026327?checkin=2023-01-30&checkout=2023-12-31&location=Berlin%2C%20Germany&currentTab=experience_tab&federatedSearchId=547258f5-5f72-484c-99c6-a4816bedabe7&searchId=e908a009-23fc-45eb-b2de-6fb29386159b&sectionId=da821b0a-cb3f-46ea-9bc1-6b50853ffa8e
90,Personalized tour of Museum Island treasures,55,0.0,0,1.5,https://www.airbnb.com/experiences/4659463?checkin=2023-01-30&checkout=2023-12-31&location=Berlin%2C%20Germany&currentTab=experience_tab&federatedSearchId=547258f5-5f72-484c-99c6-a4816bedabe7&searchId=e908a009-23fc-45eb-b2de-6fb29386159b&sectionId=da821b0a-cb3f-46ea-9bc1-6b50853ffa8e
91,La Parranda - open mic standup in Spanish,17,0.0,0,4.0,https://www.airbnb.com/experiences/4366329?checkin=2023-01-30&checkout=2023-12-31&location=Berlin%2C%20Germany&currentTab=experience_tab&federatedSearchId=547258f5-5f72-484c-99c6-a4816bedabe7&searchId=e908a009-23fc-45eb-b2de-6fb29386159b&sectionId=da821b0a-cb3f-46ea-9bc1-6b50853ffa8e
92,Phototour with an Influencer in F-Hain,87,4.98,66,1.0,https://www.airbnb.com/experiences/892306?checkin=2023-01-30&checkout=2023-12-31&location=Berlin%2C%20Germany&currentTab=experience_tab&federatedSearchId=547258f5-5f72-484c-99c6-a4816bedabe7&searchId=e908a009-23fc-45eb-b2de-6fb29386159b&sectionId=da821b0a-cb3f-46ea-9bc1-6b50853ffa8e
93,Explore the Local History and Urban Art in Berlin Mitte,14,0.0,0,2.0,https://www.airbnb.com/experiences/1538749?checkin=2023-01-30&checkout=2023-12-31&location=Berlin%2C%20Germany&currentTab=experience_tab&federatedSearchId=547258f5-5f72-484c-99c6-a4816bedabe7&searchId=e908a009-23fc-45eb-b2de-6fb29386159b&sectionId=da821b0a-cb3f-46ea-9bc1-6b50853ffa8e
94,WalknTalk with Dual British/German,55,0.0,0,1.5,https://www.airbnb.com/experiences/813403?checkin=2023-01-30&checkout=2023-12-31&location=Berlin%2C%20Germany&currentTab=experience_tab&federatedSearchId=547258f5-5f72-484c-99c6-a4816bedabe7&searchId=e908a009-23fc-45eb-b2de-6fb29386159b&sectionId=da821b0a-cb3f-46ea-9bc1-6b50853ffa8e
95,Discover Nord-Neukölln and see it again,39,0.0,0,2.5,https://www.airbnb.com/experiences/421046?checkin=2023-01-30&checkout=2023-12-31&location=Berlin%2C%20Germany&currentTab=experience_tab&federatedSearchId=547258f5-5f72-484c-99c6-a4816bedabe7&searchId=e908a009-23fc-45eb-b2de-6fb29386159b&sectionId=da821b0a-cb3f-46ea-9bc1-6b50853ffa8e
96,Berlin Vip Concierge Service,55,0.0,0,1.0,https://www.airbnb.com/experiences/1276596?checkin=2023-01-30&checkout=2023-12-31&location=Berlin%2C%20Germany&currentTab=experience_tab&federatedSearchId=547258f5-5f72-484c-99c6-a4816bedabe7&searchId=e908a009-23fc-45eb-b2de-6fb29386159b&sectionId=da821b0a-cb3f-46ea-9bc1-6b50853ffa8e
97,Painting Brandeburg door with hot chocolate,48,0.0,0,1.0,https://www.airbnb.com/experiences/858365?checkin=2023-01-30&checkout=2023-12-31&location=Berlin%2C%20Germany&currentTab=experience_tab&federatedSearchId=547258f5-5f72-484c-99c6-a4816bedabe7&searchId=e908a009-23fc-45eb-b2de-6fb29386159b&sectionId=da821b0a-cb3f-46ea-9bc1-6b50853ffa8e
98,Your Berlin Running Buddy,28,5.0,9,1.5,https://www.airbnb.com/experiences/714684?checkin=2023-01-30&checkout=2023-12-31&location=Berlin%2C%20Germany&currentTab=experience_tab&federatedSearchId=547258f5-5f72-484c-99c6-a4816bedabe7&searchId=e908a009-23fc-45eb-b2de-6fb29386159b&sectionId=da821b0a-cb3f-46ea-9bc1-6b50853ffa8e
99,Berlin Craft Beer Tasting in Kreuzberg,28,4.8,35,1.5,https://www.airbnb.com/experiences/91069?checkin=2023-01-30&checkout=2023-12-31&location=Berlin%2C%20Germany&currentTab=experience_tab&federatedSearchId=547258f5-5f72-484c-99c6-a4816bedabe7&searchId=e908a009-23fc-45eb-b2de-6fb29386159b&sectionId=da821b0a-cb3f-46ea-9bc1-6b50853ffa8e
100,Discover East Berlin between history and modernity,22,0.0,0,2.0,https://www.airbnb.com/experiences/4807169?checkin=2023-01-30&checkout=2023-12-31&location=Berlin%2C%20Germany&currentTab=experience_tab&federatedSearchId=547258f5-5f72-484c-99c6-a4816bedabe7&searchId=e908a009-23fc-45eb-b2de-6fb29386159b&sectionId=da821b0a-cb3f-46ea-9bc1-6b50853ffa8e
101,Vintage Shopping Adventure,14,0.0,0,3.0,https://www.airbnb.com/experiences/4818416?checkin=2023-01-30&checkout=2023-12-31&location=Berlin%2C%20Germany&currentTab=experience_tab&federatedSearchId=547258f5-5f72-484c-99c6-a4816bedabe7&searchId=e908a009-23fc-45eb-b2de-6fb29386159b&sectionId=da821b0a-cb3f-46ea-9bc1-6b50853ffa8e
102,Italian pizza making lessons host by Pizza World Champion,97,0.0,0,2.5,https://www.airbnb.com/experiences/4281505?checkin=2023-01-30&checkout=2023-12-31&location=Berlin%2C%20Germany&currentTab=experience_tab&federatedSearchId=547258f5-5f72-484c-99c6-a4816bedabe7&searchId=e908a009-23fc-45eb-b2de-6fb29386159b&sectionId=da821b0a-cb3f-46ea-9bc1-6b50853ffa8e
103,Street Art of Kreuzberg,55,5.0,3,2.5,https://www.airbnb.com/experiences/504154?checkin=2023-01-30&checkout=2023-12-31&location=Berlin%2C%20Germany&currentTab=experience_tab&federatedSearchId=547258f5-5f72-484c-99c6-a4816bedabe7&searchId=e908a009-23fc-45eb-b2de-6fb29386159b&sectionId=da821b0a-cb3f-46ea-9bc1-6b50853ffa8e
104,"Berlin Techno Club Tour // 
Inside Dj Lifestyle",104,0.0,0,8.0,https://www.airbnb.com/experiences/4552334?checkin=2023-01-30&checkout=2023-12-31&location=Berlin%2C%20Germany&currentTab=experience_tab&federatedSearchId=547258f5-5f72-484c-99c6-a4816bedabe7&searchId=e908a009-23fc-45eb-b2de-6fb29386159b&sectionId=da821b0a-cb3f-46ea-9bc1-6b50853ffa8e
105,Explore Potsdam Castles with a Motor Yacht,136,0.0,0,4.0,https://www.airbnb.com/experiences/3863206?checkin=2023-01-30&checkout=2023-12-31&location=Berlin%2C%20Germany&currentTab=experience_tab&federatedSearchId=547258f5-5f72-484c-99c6-a4816bedabe7&searchId=e908a009-23fc-45eb-b2de-6fb29386159b&sectionId=da821b0a-cb3f-46ea-9bc1-6b50853ffa8e
106,"Vintage Shopping Tour - Clothing, Accesories and Home Decor",75,0.0,0,2.5,https://www.airbnb.com/experiences/3001990?checkin=2023-01-30&checkout=2023-12-31&location=Berlin%2C%20Germany&currentTab=experience_tab&federatedSearchId=547258f5-5f72-484c-99c6-a4816bedabe7&searchId=e908a009-23fc-45eb-b2de-6fb29386159b&sectionId=da821b0a-cb3f-46ea-9bc1-6b50853ffa8e
107,"Chill Easy Berlin, Explore popular and hidden Bars",196,5.0,27,3.0,https://www.airbnb.com/experiences/4267822?checkin=2023-01-30&checkout=2023-12-31&location=Berlin%2C%20Germany&currentTab=experience_tab&federatedSearchId=547258f5-5f72-484c-99c6-a4816bedabe7&searchId=e908a009-23fc-45eb-b2de-6fb29386159b&sectionId=da821b0a-cb3f-46ea-9bc1-6b50853ffa8e
108,Explore Berlin's Sex History in Stunning Augmented Reality,43,4.92,25,3.5,https://www.airbnb.com/experiences/1354427?checkin=2023-01-30&checkout=2023-12-31&location=Berlin%2C%20Germany&currentTab=experience_tab&federatedSearchId=547258f5-5f72-484c-99c6-a4816bedabe7&searchId=e908a009-23fc-45eb-b2de-6fb29386159b&sectionId=da821b0a-cb3f-46ea-9bc1-6b50853ffa8e
109,"Capturing the Unpredictable, Photography Workshop",28,0.0,0,3.0,https://www.airbnb.com/experiences/4826197?checkin=2023-01-30&checkout=2023-12-31&location=Berlin%2C%20Germany&currentTab=experience_tab&federatedSearchId=547258f5-5f72-484c-99c6-a4816bedabe7&searchId=e908a009-23fc-45eb-b2de-6fb29386159b&sectionId=da821b0a-cb3f-46ea-9bc1-6b50853ffa8e
110,Famous Berlin women,22,4.8,5,3.0,https://www.airbnb.com/experiences/2856167?checkin=2023-01-30&checkout=2023-12-31&location=Berlin%2C%20Germany&currentTab=experience_tab&federatedSearchId=547258f5-5f72-484c-99c6-a4816bedabe7&searchId=e908a009-23fc-45eb-b2de-6fb29386159b&sectionId=da821b0a-cb3f-46ea-9bc1-6b50853ffa8e
111,Personal Photoshoot in Berlin,137,5.0,11,1.5,https://www.airbnb.com/experiences/2777124?checkin=2023-01-30&checkout=2023-12-31&location=Berlin%2C%20Germany&currentTab=experience_tab&federatedSearchId=547258f5-5f72-484c-99c6-a4816bedabe7&searchId=e908a009-23fc-45eb-b2de-6fb29386159b&sectionId=da821b0a-cb3f-46ea-9bc1-6b50853ffa8e
112,Architecture and Portrait Photography Walk,39,0.0,0,2.0,https://www.airbnb.com/experiences/4593735?checkin=2023-01-30&checkout=2023-12-31&location=Berlin%2C%20Germany&currentTab=experience_tab&federatedSearchId=547258f5-5f72-484c-99c6-a4816bedabe7&searchId=e908a009-23fc-45eb-b2de-6fb29386159b&sectionId=da821b0a-cb3f-46ea-9bc1-6b50853ffa8e
113,"Berlin, Wall & Ddr",22,0.0,0,2.0,https://www.airbnb.com/experiences/4316266?checkin=2023-01-30&checkout=2023-12-31&location=Berlin%2C%20Germany&currentTab=experience_tab&federatedSearchId=547258f5-5f72-484c-99c6-a4816bedabe7&searchId=e908a009-23fc-45eb-b2de-6fb29386159b&sectionId=da821b0a-cb3f-46ea-9bc1-6b50853ffa8e
114,Outdoor Photo Workshop in Berlin,71,0.0,0,3.0,https://www.airbnb.com/experiences/2337970?checkin=2023-01-30&checkout=2023-12-31&location=Berlin%2C%20Germany&currentTab=experience_tab&federatedSearchId=547258f5-5f72-484c-99c6-a4816bedabe7&searchId=e908a009-23fc-45eb-b2de-6fb29386159b&sectionId=da821b0a-cb3f-46ea-9bc1-6b50853ffa8e
115,Rickshawing in Berlin,70,0.0,0,1.0,https://www.airbnb.com/experiences/2837993?checkin=2023-01-30&checkout=2023-12-31&location=Berlin%2C%20Germany&currentTab=experience_tab&federatedSearchId=547258f5-5f72-484c-99c6-a4816bedabe7&searchId=e908a009-23fc-45eb-b2de-6fb29386159b&sectionId=da821b0a-cb3f-46ea-9bc1-6b50853ffa8e
116,Private photoshooting in the heart of Berlin,218,4.98,104,1.5,https://www.airbnb.com/experiences/1133138?checkin=2023-01-30&checkout=2023-12-31&location=Berlin%2C%20Germany&currentTab=experience_tab&federatedSearchId=547258f5-5f72-484c-99c6-a4816bedabe7&searchId=e908a009-23fc-45eb-b2de-6fb29386159b&sectionId=da821b0a-cb3f-46ea-9bc1-6b50853ffa8e
117,Berlin’s Historical Heart,35,4.88,95,2.0,https://www.airbnb.com/experiences/100325?checkin=2023-01-30&checkout=2023-12-31&location=Berlin%2C%20Germany&currentTab=experience_tab&federatedSearchId=547258f5-5f72-484c-99c6-a4816bedabe7&searchId=e908a009-23fc-45eb-b2de-6fb29386159b&sectionId=da821b0a-cb3f-46ea-9bc1-6b50853ffa8e
118,Berlin Walking Tour By Vintage Stores,78,0.0,0,3.0,https://www.airbnb.com/experiences/4786662?checkin=2023-01-30&checkout=2023-12-31&location=Berlin%2C%20Germany&currentTab=experience_tab&federatedSearchId=547258f5-5f72-484c-99c6-a4816bedabe7&searchId=e908a009-23fc-45eb-b2de-6fb29386159b&sectionId=da821b0a-cb3f-46ea-9bc1-6b50853ffa8e
119,Be a Blacksmith for a Day and Create Your Silver Ring,71,0.0,0,4.0,https://www.airbnb.com/experiences/4420055?checkin=2023-01-30&checkout=2023-12-31&location=Berlin%2C%20Germany&currentTab=experience_tab&federatedSearchId=547258f5-5f72-484c-99c6-a4816bedabe7&searchId=e908a009-23fc-45eb-b2de-6fb29386159b&sectionId=da821b0a-cb3f-46ea-9bc1-6b50853ffa8e
120,Get moving and feel rejuvenated with the Gyrotonic Method,87,0.0,0,1.0,https://www.airbnb.com/experiences/4779554?checkin=2023-01-30&checkout=2023-12-31&location=Berlin%2C%20Germany&currentTab=experience_tab&federatedSearchId=547258f5-5f72-484c-99c6-a4816bedabe7&searchId=e908a009-23fc-45eb-b2de-6fb29386159b&sectionId=da821b0a-cb3f-46ea-9bc1-6b50853ffa8e
121,Create your own big spin painting!,140,4.97,117,1.0,https://www.airbnb.com/experiences/783084?checkin=2023-01-30&checkout=2023-12-31&location=Berlin%2C%20Germany&currentTab=experience_tab&federatedSearchId=547258f5-5f72-484c-99c6-a4816bedabe7&searchId=e908a009-23fc-45eb-b2de-6fb29386159b&sectionId=da821b0a-cb3f-46ea-9bc1-6b50853ffa8e
122,Custom Candle Making in Berlin,46,4.89,9,1.5,https://www.airbnb.com/experiences/1052410?checkin=2023-01-30&checkout=2023-12-31&location=Berlin%2C%20Germany&currentTab=experience_tab&federatedSearchId=547258f5-5f72-484c-99c6-a4816bedabe7&searchId=e908a009-23fc-45eb-b2de-6fb29386159b&sectionId=da821b0a-cb3f-46ea-9bc1-6b50853ffa8e
123,Combined Restaurant-BarTour with wine tasting,164,0.0,0,5.0,https://www.airbnb.com/experiences/4717258?checkin=2023-01-30&checkout=2023-12-31&location=Berlin%2C%20Germany&currentTab=experience_tab&federatedSearchId=547258f5-5f72-484c-99c6-a4816bedabe7&searchId=e908a009-23fc-45eb-b2de-6fb29386159b&sectionId=da821b0a-cb3f-46ea-9bc1-6b50853ffa8e
124,"Cosmic Night
A Magical & Spiritual Night For You",185,0.0,0,3.0,https://www.airbnb.com/experiences/4385050?checkin=2023-01-30&checkout=2023-12-31&location=Berlin%2C%20Germany&currentTab=experience_tab&federatedSearchId=547258f5-5f72-484c-99c6-a4816bedabe7&searchId=e908a009-23fc-45eb-b2de-6fb29386159b&sectionId=da821b0a-cb3f-46ea-9bc1-6b50853ffa8e
125,Learn urban sketching,36,4.85,97,2.0,https://www.airbnb.com/experiences/112686?checkin=2023-01-30&checkout=2023-12-31&location=Berlin%2C%20Germany&currentTab=experience_tab&federatedSearchId=547258f5-5f72-484c-99c6-a4816bedabe7&searchId=e908a009-23fc-45eb-b2de-6fb29386159b&sectionId=da821b0a-cb3f-46ea-9bc1-6b50853ffa8e
126,Smartphones Are Not For Calling,131,4.97,164,2.0,https://www.airbnb.com/experiences/63320?checkin=2023-01-30&checkout=2023-12-31&location=Berlin%2C%20Germany&currentTab=experience_tab&federatedSearchId=547258f5-5f72-484c-99c6-a4816bedabe7&searchId=e908a009-23fc-45eb-b2de-6fb29386159b&sectionId=da821b0a-cb3f-46ea-9bc1-6b50853ffa8e
127,Write & Record A Song - Private Lesson,272,5.0,27,4.0,https://www.airbnb.com/experiences/67468?checkin=2023-01-30&checkout=2023-12-31&location=Berlin%2C%20Germany&currentTab=experience_tab&federatedSearchId=547258f5-5f72-484c-99c6-a4816bedabe7&searchId=e908a009-23fc-45eb-b2de-6fb29386159b&sectionId=da821b0a-cb3f-46ea-9bc1-6b50853ffa8e
128,E-bike tour along the wall,47,4.88,25,3.0,https://www.airbnb.com/experiences/116146?checkin=2023-01-30&checkout=2023-12-31&location=Berlin%2C%20Germany&currentTab=experience_tab&federatedSearchId=547258f5-5f72-484c-99c6-a4816bedabe7&searchId=e908a009-23fc-45eb-b2de-6fb29386159b&sectionId=da821b0a-cb3f-46ea-9bc1-6b50853ffa8e
129,Discover Poetry and Comedy with Shaded Wall Performance,11,0.0,0,2.5,https://www.airbnb.com/experiences/4598868?checkin=2023-01-30&checkout=2023-12-31&location=Berlin%2C%20Germany&currentTab=experience_tab&federatedSearchId=547258f5-5f72-484c-99c6-a4816bedabe7&searchId=e908a009-23fc-45eb-b2de-6fb29386159b&sectionId=da821b0a-cb3f-46ea-9bc1-6b50853ffa8e
130,Alpaca hike,42,4.96,45,1.5,https://www.airbnb.com/experiences/521085?checkin=2023-01-30&checkout=2023-12-31&location=Berlin%2C%20Germany&currentTab=experience_tab&federatedSearchId=547258f5-5f72-484c-99c6-a4816bedabe7&searchId=e908a009-23fc-45eb-b2de-6fb29386159b&sectionId=da821b0a-cb3f-46ea-9bc1-6b50853ffa8e
131,Royal Rude Bastards of Potsdam,4,0.0,0,4.5,https://www.airbnb.com/experiences/3808542?checkin=2023-01-30&checkout=2023-12-31&location=Berlin%2C%20Germany&currentTab=experience_tab&federatedSearchId=547258f5-5f72-484c-99c6-a4816bedabe7&searchId=e908a009-23fc-45eb-b2de-6fb29386159b&sectionId=da821b0a-cb3f-46ea-9bc1-6b50853ffa8e
132,Discover Potsdam,24,4.8,5,5.0,https://www.airbnb.com/experiences/2615587?checkin=2023-01-30&checkout=2023-12-31&location=Berlin%2C%20Germany&currentTab=experience_tab&federatedSearchId=547258f5-5f72-484c-99c6-a4816bedabe7&searchId=e908a009-23fc-45eb-b2de-6fb29386159b&sectionId=da821b0a-cb3f-46ea-9bc1-6b50853ffa8e
133,Berlin at Twilight / A Guided Photo Tour & Workshop,108,5.0,93,1.5,https://www.airbnb.com/experiences/184099?checkin=2023-01-30&checkout=2023-12-31&location=Berlin%2C%20Germany&currentTab=experience_tab&federatedSearchId=547258f5-5f72-484c-99c6-a4816bedabe7&searchId=e908a009-23fc-45eb-b2de-6fb29386159b&sectionId=da821b0a-cb3f-46ea-9bc1-6b50853ffa8e
134,Become a Dj in a Professional music studio of Berlin,162,5.0,166,2.0,https://www.airbnb.com/experiences/575641?checkin=2023-01-30&checkout=2023-12-31&location=Berlin%2C%20Germany&currentTab=experience_tab&federatedSearchId=547258f5-5f72-484c-99c6-a4816bedabe7&searchId=e908a009-23fc-45eb-b2de-6fb29386159b&sectionId=da821b0a-cb3f-46ea-9bc1-6b50853ffa8e
135,Alternative/Kreuzberg Berlin Bike Tour,39,4.8,30,3.5,https://www.airbnb.com/experiences/1096265?checkin=2023-01-30&checkout=2023-12-31&location=Berlin%2C%20Germany&currentTab=experience_tab&federatedSearchId=547258f5-5f72-484c-99c6-a4816bedabe7&searchId=e908a009-23fc-45eb-b2de-6fb29386159b&sectionId=da821b0a-cb3f-46ea-9bc1-6b50853ffa8e
136,"Berlin's largest lake & lagoon with bike, boat, swim & snack",54,4.85,89,5.0,https://www.airbnb.com/experiences/935723?checkin=2023-01-30&checkout=2023-12-31&location=Berlin%2C%20Germany&currentTab=experience_tab&federatedSearchId=547258f5-5f72-484c-99c6-a4816bedabe7&searchId=e908a009-23fc-45eb-b2de-6fb29386159b&sectionId=da821b0a-cb3f-46ea-9bc1-6b50853ffa8e
137,Learn DJing in the heart of the clubbing district of Berlin,109,0.0,0,2.0,https://www.airbnb.com/experiences/4481912?checkin=2023-01-30&checkout=2023-12-31&location=Berlin%2C%20Germany&currentTab=experience_tab&federatedSearchId=547258f5-5f72-484c-99c6-a4816bedabe7&searchId=e908a009-23fc-45eb-b2de-6fb29386159b&sectionId=da821b0a-cb3f-46ea-9bc1-6b50853ffa8e
138,PhotoShoot Experience Berlin,131,5.0,30,1.0,https://www.airbnb.com/experiences/1908442?checkin=2023-01-30&checkout=2023-12-31&location=Berlin%2C%20Germany&currentTab=experience_tab&federatedSearchId=547258f5-5f72-484c-99c6-a4816bedabe7&searchId=e908a009-23fc-45eb-b2de-6fb29386159b&sectionId=da821b0a-cb3f-46ea-9bc1-6b50853ffa8e
139,Say Cheese And I'll Take A Picture,125,4.86,70,1.0,https://www.airbnb.com/experiences/126485?checkin=2023-01-30&checkout=2023-12-31&location=Berlin%2C%20Germany&currentTab=experience_tab&federatedSearchId=547258f5-5f72-484c-99c6-a4816bedabe7&searchId=e908a009-23fc-45eb-b2de-6fb29386159b&sectionId=da821b0a-cb3f-46ea-9bc1-6b50853ffa8e
140,Culinary Sharing Plate Food Tour in Berlin,65,0.0,0,4.0,https://www.airbnb.com/experiences/557783?checkin=2023-01-30&checkout=2023-12-31&location=Berlin%2C%20Germany&currentTab=experience_tab&federatedSearchId=547258f5-5f72-484c-99c6-a4816bedabe7&searchId=e908a009-23fc-45eb-b2de-6fb29386159b&sectionId=da821b0a-cb3f-46ea-9bc1-6b50853ffa8e
141,Drawing Walks Berlin,33,5.0,3,2.5,https://www.airbnb.com/experiences/3793602?checkin=2023-01-30&checkout=2023-12-31&location=Berlin%2C%20Germany&currentTab=experience_tab&federatedSearchId=547258f5-5f72-484c-99c6-a4816bedabe7&searchId=e908a009-23fc-45eb-b2de-6fb29386159b&sectionId=da821b0a-cb3f-46ea-9bc1-6b50853ffa8e
142,FOTOBOOT photo safari boat tour on river Spree,75,4.92,38,3.0,https://www.airbnb.com/experiences/165114?checkin=2023-01-30&checkout=2023-12-31&location=Berlin%2C%20Germany&currentTab=experience_tab&federatedSearchId=547258f5-5f72-484c-99c6-a4816bedabe7&searchId=e908a009-23fc-45eb-b2de-6fb29386159b&sectionId=da821b0a-cb3f-46ea-9bc1-6b50853ffa8e
143,Craft Beer from flourishing Neukölln,49,4.86,94,3.0,https://www.airbnb.com/experiences/118178?checkin=2023-01-30&checkout=2023-12-31&location=Berlin%2C%20Germany&currentTab=experience_tab&federatedSearchId=547258f5-5f72-484c-99c6-a4816bedabe7&searchId=e908a009-23fc-45eb-b2de-6fb29386159b&sectionId=da821b0a-cb3f-46ea-9bc1-6b50853ffa8e
144,Portraits with a Berlin Photographer,162,5.0,81,1.5,https://www.airbnb.com/experiences/1052076?checkin=2023-01-30&checkout=2023-12-31&location=Berlin%2C%20Germany&currentTab=experience_tab&federatedSearchId=547258f5-5f72-484c-99c6-a4816bedabe7&searchId=e908a009-23fc-45eb-b2de-6fb29386159b&sectionId=da821b0a-cb3f-46ea-9bc1-6b50853ffa8e
145,E-Bike Highlights Tour Berlin,47,4.94,33,3.0,https://www.airbnb.com/experiences/135530?checkin=2023-01-30&checkout=2023-12-31&location=Berlin%2C%20Germany&currentTab=experience_tab&federatedSearchId=547258f5-5f72-484c-99c6-a4816bedabe7&searchId=e908a009-23fc-45eb-b2de-6fb29386159b&sectionId=da821b0a-cb3f-46ea-9bc1-6b50853ffa8e
146,One day Iron Curtain and Cold War relics tour from Berlin,327,0.0,0,10.0,https://www.airbnb.com/experiences/3652584?checkin=2023-01-30&checkout=2023-12-31&location=Berlin%2C%20Germany&currentTab=experience_tab&federatedSearchId=547258f5-5f72-484c-99c6-a4816bedabe7&searchId=e908a009-23fc-45eb-b2de-6fb29386159b&sectionId=da821b0a-cb3f-46ea-9bc1-6b50853ffa8e
147,"Poor, but Sxy- Walking Tour of Berlin",39,4.94,36,3.5,https://www.airbnb.com/experiences/335210?checkin=2023-01-30&checkout=2023-12-31&location=Berlin%2C%20Germany&currentTab=experience_tab&federatedSearchId=547258f5-5f72-484c-99c6-a4816bedabe7&searchId=e908a009-23fc-45eb-b2de-6fb29386159b&sectionId=da821b0a-cb3f-46ea-9bc1-6b50853ffa8e
148,Private photowalk on the alternative side of Berlin,121,5.0,32,2.0,https://www.airbnb.com/experiences/556148?checkin=2023-01-30&checkout=2023-12-31&location=Berlin%2C%20Germany&currentTab=experience_tab&federatedSearchId=547258f5-5f72-484c-99c6-a4816bedabe7&searchId=e908a009-23fc-45eb-b2de-6fb29386159b&sectionId=da821b0a-cb3f-46ea-9bc1-6b50853ffa8e
149,Berlin Fashion Shooting Tour,164,0.0,0,2.0,https://www.airbnb.com/experiences/2966808?checkin=2023-01-30&checkout=2023-12-31&location=Berlin%2C%20Germany&currentTab=experience_tab&federatedSearchId=547258f5-5f72-484c-99c6-a4816bedabe7&searchId=e908a009-23fc-45eb-b2de-6fb29386159b&sectionId=da821b0a-cb3f-46ea-9bc1-6b50853ffa8e
150,Learn Thai Yoga Massage,125,4.88,17,4.0,https://www.airbnb.com/experiences/187843?checkin=2023-01-30&checkout=2023-12-31&location=Berlin%2C%20Germany&currentTab=experience_tab&federatedSearchId=547258f5-5f72-484c-99c6-a4816bedabe7&searchId=e908a009-23fc-45eb-b2de-6fb29386159b&sectionId=da821b0a-cb3f-46ea-9bc1-6b50853ffa8e
151,Learn Magic and Mindreading like a pro,75,4.94,35,2.0,https://www.airbnb.com/experiences/743895?checkin=2023-01-30&checkout=2023-12-31&location=Berlin%2C%20Germany&currentTab=experience_tab&federatedSearchId=547258f5-5f72-484c-99c6-a4816bedabe7&searchId=e908a009-23fc-45eb-b2de-6fb29386159b&sectionId=da821b0a-cb3f-46ea-9bc1-6b50853ffa8e
152,Reichstag Battlefield Tour,22,5.0,3,1.0,https://www.airbnb.com/experiences/2706597?checkin=2023-01-30&checkout=2023-12-31&location=Berlin%2C%20Germany&currentTab=experience_tab&federatedSearchId=547258f5-5f72-484c-99c6-a4816bedabe7&searchId=e908a009-23fc-45eb-b2de-6fb29386159b&sectionId=da821b0a-cb3f-46ea-9bc1-6b50853ffa8e
153,Foxtrail - Schnitzeljagd durch Berlin,30,4.62,13,2.5,https://www.airbnb.com/experiences/564731?checkin=2023-01-30&checkout=2023-12-31&location=Berlin%2C%20Germany&currentTab=experience_tab&federatedSearchId=547258f5-5f72-484c-99c6-a4816bedabe7&searchId=e908a009-23fc-45eb-b2de-6fb29386159b&sectionId=da821b0a-cb3f-46ea-9bc1-6b50853ffa8e
154,Explore Berlin's Queer & Trans History in Augmented Reality,54,0.0,0,3.0,https://www.airbnb.com/experiences/4754371?checkin=2023-01-30&checkout=2023-12-31&location=Berlin%2C%20Germany&currentTab=experience_tab&federatedSearchId=547258f5-5f72-484c-99c6-a4816bedabe7&searchId=e908a009-23fc-45eb-b2de-6fb29386159b&sectionId=da821b0a-cb3f-46ea-9bc1-6b50853ffa8e
155,Unforgettable photoshoot in the most catchy spots of Berlin,109,5.0,14,1.0,https://www.airbnb.com/experiences/4355437?checkin=2023-01-30&checkout=2023-12-31&location=Berlin%2C%20Germany&currentTab=experience_tab&federatedSearchId=547258f5-5f72-484c-99c6-a4816bedabe7&searchId=e908a009-23fc-45eb-b2de-6fb29386159b&sectionId=da821b0a-cb3f-46ea-9bc1-6b50853ffa8e
156,Professional Photoshoot in Berlin,272,0.0,0,2.0,https://www.airbnb.com/experiences/4239238?checkin=2023-01-30&checkout=2023-12-31&location=Berlin%2C%20Germany&currentTab=experience_tab&federatedSearchId=547258f5-5f72-484c-99c6-a4816bedabe7&searchId=e908a009-23fc-45eb-b2de-6fb29386159b&sectionId=da821b0a-cb3f-46ea-9bc1-6b50853ffa8e
157,Discover the Story of Berlin's Clubs in Augmented Reality,54,0.0,0,3.0,https://www.airbnb.com/experiences/4754269?checkin=2023-01-30&checkout=2023-12-31&location=Berlin%2C%20Germany&currentTab=experience_tab&federatedSearchId=547258f5-5f72-484c-99c6-a4816bedabe7&searchId=e908a009-23fc-45eb-b2de-6fb29386159b&sectionId=da821b0a-cb3f-46ea-9bc1-6b50853ffa8e
158,Make an electronic music dancing Track with Ableton,82,0.0,0,1.5,https://www.airbnb.com/experiences/3029162?checkin=2023-01-30&checkout=2023-12-31&location=Berlin%2C%20Germany&currentTab=experience_tab&federatedSearchId=547258f5-5f72-484c-99c6-a4816bedabe7&searchId=e908a009-23fc-45eb-b2de-6fb29386159b&sectionId=da821b0a-cb3f-46ea-9bc1-6b50853ffa8e
159,A Heart-opening Yoga for couples,66,0.0,0,1.5,https://www.airbnb.com/experiences/1371665?checkin=2023-01-30&checkout=2023-12-31&location=Berlin%2C%20Germany&currentTab=experience_tab&federatedSearchId=547258f5-5f72-484c-99c6-a4816bedabe7&searchId=e908a009-23fc-45eb-b2de-6fb29386159b&sectionId=da821b0a-cb3f-46ea-9bc1-6b50853ffa8e
160,Private Couple/Family/Friends Vacation Photo Shoot,86,4.86,21,1.0,https://www.airbnb.com/experiences/749390?checkin=2023-01-30&checkout=2023-12-31&location=Berlin%2C%20Germany&currentTab=experience_tab&federatedSearchId=547258f5-5f72-484c-99c6-a4816bedabe7&searchId=e908a009-23fc-45eb-b2de-6fb29386159b&sectionId=da821b0a-cb3f-46ea-9bc1-6b50853ffa8e
161,Blotted line printing with an artist,93,4.86,7,1.5,https://www.airbnb.com/experiences/133434?checkin=2023-01-30&checkout=2023-12-31&location=Berlin%2C%20Germany&currentTab=experience_tab&federatedSearchId=547258f5-5f72-484c-99c6-a4816bedabe7&searchId=e908a009-23fc-45eb-b2de-6fb29386159b&sectionId=da821b0a-cb3f-46ea-9bc1-6b50853ffa8e
162,Create a natural perfume,136,4.93,27,4.0,https://www.airbnb.com/experiences/542080?checkin=2023-01-30&checkout=2023-12-31&location=Berlin%2C%20Germany&currentTab=experience_tab&federatedSearchId=547258f5-5f72-484c-99c6-a4816bedabe7&searchId=e908a009-23fc-45eb-b2de-6fb29386159b&sectionId=da821b0a-cb3f-46ea-9bc1-6b50853ffa8e
163,Pictures of Blue,86,4.96,28,2.0,https://www.airbnb.com/experiences/59003?checkin=2023-01-30&checkout=2023-12-31&location=Berlin%2C%20Germany&currentTab=experience_tab&federatedSearchId=547258f5-5f72-484c-99c6-a4816bedabe7&searchId=e908a009-23fc-45eb-b2de-6fb29386159b&sectionId=da821b0a-cb3f-46ea-9bc1-6b50853ffa8e
164,Private Yacht-Tour south of Berlin,153,0.0,0,4.0,https://www.airbnb.com/experiences/428898?checkin=2023-01-30&checkout=2023-12-31&location=Berlin%2C%20Germany&currentTab=experience_tab&federatedSearchId=547258f5-5f72-484c-99c6-a4816bedabe7&searchId=e908a009-23fc-45eb-b2de-6fb29386159b&sectionId=da821b0a-cb3f-46ea-9bc1-6b50853ffa8e
165,Urban Fotoshooting at Berlin-Mitte,104,4.86,7,1.0,https://www.airbnb.com/experiences/1740479?checkin=2023-01-30&checkout=2023-12-31&location=Berlin%2C%20Germany&currentTab=experience_tab&federatedSearchId=547258f5-5f72-484c-99c6-a4816bedabe7&searchId=e908a009-23fc-45eb-b2de-6fb29386159b&sectionId=da821b0a-cb3f-46ea-9bc1-6b50853ffa8e
166,Photo walk through historic Potsdam,60,5.0,3,2.0,https://www.airbnb.com/experiences/1285977?checkin=2023-01-30&checkout=2023-12-31&location=Berlin%2C%20Germany&currentTab=experience_tab&federatedSearchId=547258f5-5f72-484c-99c6-a4816bedabe7&searchId=e908a009-23fc-45eb-b2de-6fb29386159b&sectionId=da821b0a-cb3f-46ea-9bc1-6b50853ffa8e
167,Street and portrait photography,87,0.0,0,1.0,https://www.airbnb.com/experiences/1346813?checkin=2023-01-30&checkout=2023-12-31&location=Berlin%2C%20Germany&currentTab=experience_tab&federatedSearchId=547258f5-5f72-484c-99c6-a4816bedabe7&searchId=e908a009-23fc-45eb-b2de-6fb29386159b&sectionId=da821b0a-cb3f-46ea-9bc1-6b50853ffa8e
168,Enjoy Berlin with Chef Gabriel,95,0.0,0,3.0,https://www.airbnb.com/experiences/4288799?checkin=2023-01-30&checkout=2023-12-31&location=Berlin%2C%20Germany&currentTab=experience_tab&federatedSearchId=547258f5-5f72-484c-99c6-a4816bedabe7&searchId=e908a009-23fc-45eb-b2de-6fb29386159b&sectionId=da821b0a-cb3f-46ea-9bc1-6b50853ffa8e
169,Heroic portrait photos in secret spots,381,5.0,17,3.0,https://www.airbnb.com/experiences/250132?checkin=2023-01-30&checkout=2023-12-31&location=Berlin%2C%20Germany&currentTab=experience_tab&federatedSearchId=547258f5-5f72-484c-99c6-a4816bedabe7&searchId=e908a009-23fc-45eb-b2de-6fb29386159b&sectionId=da821b0a-cb3f-46ea-9bc1-6b50853ffa8e
170,Get better at posing with an analogue portrait photographer,141,4.97,73,1.0,https://www.airbnb.com/experiences/658612?checkin=2023-01-30&checkout=2023-12-31&location=Berlin%2C%20Germany&currentTab=experience_tab&federatedSearchId=547258f5-5f72-484c-99c6-a4816bedabe7&searchId=e908a009-23fc-45eb-b2de-6fb29386159b&sectionId=da821b0a-cb3f-46ea-9bc1-6b50853ffa8e
171,Wine Tasting in a charming local wine store,55,0.0,0,2.5,https://www.airbnb.com/experiences/2994238?checkin=2023-01-30&checkout=2023-12-31&location=Berlin%2C%20Germany&currentTab=experience_tab&federatedSearchId=547258f5-5f72-484c-99c6-a4816bedabe7&searchId=e908a009-23fc-45eb-b2de-6fb29386159b&sectionId=da821b0a-cb3f-46ea-9bc1-6b50853ffa8e
172,Optimize your communication by training with horses,109,0.0,0,4.0,https://www.airbnb.com/experiences/4604098?checkin=2023-01-30&checkout=2023-12-31&location=Berlin%2C%20Germany&currentTab=experience_tab&federatedSearchId=547258f5-5f72-484c-99c6-a4816bedabe7&searchId=e908a009-23fc-45eb-b2de-6fb29386159b&sectionId=da821b0a-cb3f-46ea-9bc1-6b50853ffa8e
173,"Foxtrail, scavenger hunt through Potsdam",30,3.67,3,3.5,https://www.airbnb.com/experiences/2325517?checkin=2023-01-30&checkout=2023-12-31&location=Berlin%2C%20Germany&currentTab=experience_tab&federatedSearchId=547258f5-5f72-484c-99c6-a4816bedabe7&searchId=e908a009-23fc-45eb-b2de-6fb29386159b&sectionId=da821b0a-cb3f-46ea-9bc1-6b50853ffa8e
